Parameter,Value,Uncertainty
A,208.4534124453691,1.356467953122177
b,0.2258436581062987,0.01796389394971393
FWHM,61.83171208590534,0.24076666462340224
d,-2994400.4778146693,0.13850399687487983
Chi^2,223.59032770955122,
Reduced Chi^2,2.089629230930385,
