Parameter,Value,Uncertainty
A,213.31650553026608,4.166885591203892
b,0.2811427013350126,0.06564104864034026
FWHM,49.848544997106046,0.5903604973453502
d,881602.6872743507,0.3335506126347189
Chi^2,24.936339933875193,
Reduced Chi^2,1.312438943888168,
