Parameter,Value,Uncertainty
A,181.5949019689948,1.184832303675359
b,0.184146003888164,0.015219918212507141
FWHM,64.84590922735784,0.2516666433844594
d,-2340800.807510654,0.14617075909350882
Chi^2,204.3074137089569,
Reduced Chi^2,1.7921702956926042,
