Parameter,Value,Uncertainty
A,181.5550035844519,1.191039898256562
b,0.2217034203001376,0.01688400711198902
FWHM,64.4953505936756,0.253085045570689
d,-379999.94794750214,0.14587828055213492
Chi^2,171.10715210376506,
Reduced Chi^2,1.5415058748086943,
