Parameter,Value,Uncertainty
A,182.1022025890388,1.1982361894986715
b,0.23205398806385288,0.017169357506156443
FWHM,63.92653546134759,0.25196833841192934
d,440799.38557027135,0.14510007385916449
Chi^2,187.14429085480018,
Reduced Chi^2,1.67093116834643,
