Parameter,Value,Uncertainty
A,182.87919483721078,1.1937370096420847
b,0.19928048677442006,0.01563159470980443
FWHM,64.73059597573743,0.25279143884715366
d,-1611200.70479548,0.14556218928995915
Chi^2,191.72552310936047,
Reduced Chi^2,1.6671784618205259,
