Parameter,Value,Uncertainty
A,184.16063332329966,1.2001936006817804
b,0.24042294256435467,0.01760768671711396
FWHM,64.32547310333028,0.25068472551686943
d,1443999.8522627235,0.1447348621776102
Chi^2,167.1763233697605,
Reduced Chi^2,1.5060930033311757,
