Parameter,Value,Uncertainty
A,223.1630066485323,2.474035894659786
b,0.4303386735935434,0.061403055795473956
FWHM,52.53431588645074,0.35578788556628727
d,1109600.0745213702,0.2005609085067742
Chi^2,69.1406401707007,
Reduced Chi^2,1.411033472871443,
