Parameter,Value,Uncertainty
A,224.31513382378864,2.4699099097568986
b,0.4609737137482154,0.06733293897397594
FWHM,52.79625977057882,0.35550289573172333
d,-334399.5777931672,0.20074292680533246
Chi^2,47.12549193037322,
Reduced Chi^2,1.0026700410717706,
