Parameter,Value,Uncertainty
A,220.18046105856848,2.4450744694937896
b,0.46081220273524326,0.06844307986800799
FWHM,53.19960757743957,0.3628574302028649
d,-1109599.8898534102,0.20330861551455676
Chi^2,55.96755658694722,
Reduced Chi^2,1.216686012759722,
