Parameter,Value,Uncertainty
A,216.88468421951046,2.4012376969591216
b,0.32995116015608594,0.05390666547025092
FWHM,53.818123557566686,0.36030710581515873
d,-2492799.3895471715,0.20553322284692196
Chi^2,48.733977112680876,
Reduced Chi^2,0.9746795422536175,
